Scattered Input,Ground Truth,Reconstructed,CosSim
gives god life great,great god gives life,great god gives life,0.9999999403953552
bolt door man opens,man opens door bolt,man opens door bolt,1.0000001192092896
gives ankh life father,father gives life ankh,father gives life ankh,1.0
god sees people,god sees people,god sees people,1.0000001192092896
loves child life woman,woman loves child life,woman loves child life,1.000000238418579
town city king rules,king rules city town,king rules city town,1.0000001192092896
strong people protects god,strong god protects people,strong god protects people,1.0
man loaf bread eats,man eats loaf bread,man eats loaf bread,1.0
sweet hears words woman,woman hears sweet words,woman hears sweet words,1.0000001192092896
king god gives power,god gives power king,god gives power king,1.000000238418579
truth heart maat loves,heart loves truth maat,heart loves truth maat,1.0000001192092896
horizon sky opens god,god opens horizon sky,god opens horizon sky,1.0
people river live near,people live near river,people live near river,1.0
field plows fertile man,man plows fertile field,man plows fertile field,1.0000001192092896
great temple builds king,king builds great temple,great king builds temple,0.9861595034599304
god brings satisfied peace,god brings peace satisfied,god brings peace satisfied,1.000000238418579
life mother birth gives,mother gives birth life,mother gives birth life,1.0
walks town road man,man walks road town,man walks road town,0.9999999403953552
controls sky god storm,god controls storm sky,god controls storm sky,1.0000001192092896
god great fear people,people fear great god,people fear great god,1.0
man enters house gate,man enters house gate,man enters house gate,1.000000238418579
god prayers people hears,god hears prayers people,god hears prayers people,1.0
king power throne sits,king sits throne power,king sits throne power,1.0000001192092896
gives life water god,god gives water life,god gives life water,0.9654526114463806
river bank people cross,people cross river bank,people cross river bank,0.9999999403953552
basket man carries handle,man carries basket handle,man carries basket handle,1.0
drinks jar woman milk,woman drinks milk jar,woman drinks milk jar,1.0
life eternal lives god,god lives eternal life,god lives eternal life,1.0000001192092896
sees sky man star,man sees star sky,man sees star sky,0.9999999403953552
god offer people bread,people offer bread god,people offer bread god,1.0
god brings stability djed,god brings stability djed,god brings stability djed,1.0
crook king power holds,king holds crook power,king holds crook power,1.0000001192092896
man night owl hears,man hears owl night,man hears owl night,1.0000001192092896
people live desert hill,people live desert hill,people live desert hill,1.0000001192092896
emerges horizon god from,god emerges from horizon,god emerges from horizon,0.9999999403953552
returns home man house,man returns home house,man returns home house,1.0000001192092896
judges heart truth god,god judges heart truth,god judges heart truth,1.0000001192092896
praise people mighty god,people praise mighty god,people praise mighty god,0.9999999403953552
king city protects people,king protects city people,king protects city people,0.9999999403953552
fears man bite snake,man fears snake bite,man fears snake bite,1.0000001192092896
force gives strength god,god gives strength force,god gives strength force,0.9999998807907104
temple gather people near,people gather near temple,people gather near temple,1.0000001192092896
papyrus writes man scroll,man writes papyrus scroll,man writes papyrus scroll,1.0
rebirth becomes scarab god,god becomes scarab rebirth,god becomes scarab rebirth,1.0
altar people peace love,people love peace altar,people love peace altar,1.0000001192092896
rules king people land,king rules land people,king rules land people,1.0
water man ripple drinks,man drinks water ripple,man drinks water ripple,1.0
horizon watches west god,god watches west horizon,god watches west horizon,0.9999999403953552
god rules great sky,great god rules sky,great god rules sky,1.0000001192092896
voice man hears god,man hears god voice,god hears voice man,0.899342954158783
walks behind house woman,woman walks behind house,woman walks behind house,1.0000001192092896
god gives offering king,king gives offering god,king gives offering god,1.0000001192092896
live lake near people,people live near lake,people live near lake,1.0
god land mountain creates,god creates mountain land,god creates mountain land,1.0000001192092896
man cobra snake sees,man sees cobra snake,man sees cobra snake,1.0
milk woman jar opens,woman opens jar milk,woman opens jar milk,1.0000001192092896
god throne grants power,god grants power throne,god grants power throne,1.0
people cross desert hill,people cross desert hill,people cross desert hill,1.0000001192092896
carries coil rope man,man carries coil rope,man carries coil rope,1.0000001192092896
city gate guards god,god guards city gate,god guards city gate,1.0
prayers king people hears,king hears people prayers,king hears people prayers,1.0
eats conical loaf man,man eats conical loaf,man eats conical loaf,1.0000001192092896
life beautiful woman loves,woman loves beautiful life,beautiful woman loves life,0.947826623916626
watches people god riverbank,god watches riverbank people,god watches riverbank people,1.0
people gather sky under,people gather under sky,people gather under sky,1.0000001192092896
stone man chisel holds,man holds chisel stone,man holds chisel stone,1.0000001192092896
storm commands god power,god commands storm power,god commands storm power,1.0000001192092896
sits seat king throne,king sits seat throne,king sits seat throne,0.9999999403953552
viper fear horned people,people fear horned viper,people fear horned viper,1.000000238418579
man brick builds house,man builds house brick,man builds house brick,1.0
gives god heart peace,god gives heart peace,god gives heart peace,1.0
water brings jar woman,woman brings water jar,woman brings water jar,1.000000238418579
travel west people road,people travel road west,people travel road west,1.0000001192092896
horizon light man sees,man sees horizon light,man sees horizon light,1.0
underground god west lives,god lives underground west,god lives underground west,1.000000238418579
power king wears crown,king wears crown power,king wears crown power,1.0000001192092896
lotus plant offer people,people offer lotus plant,people offer lotus plant,1.0000001192092896
plows field land man,man plows land field,man plows land field,1.0
hears voice man god,god hears voice man,god hears voice man,1.0
woman sweet speaks words,woman speaks sweet words,woman speaks sweet words,1.0000001192092896
city people town dwell,people dwell city town,people dwell city town,0.9999998807907104
wooden man door opens,man opens wooden door,man opens wooden door,1.0
god soul protects ba,god protects soul ba,god protects soul ba,1.0000001192092896
king land rules every,king rules every land,king rules every land,1.0000001192092896
god deity people praise,people praise god deity,people praise god deity,1.0000001192092896
slope hill man walks,man walks hill slope,man walks hill slope,1.0
sees night woman star,woman sees star night,woman sees star night,1.0000001192092896
grants god life people,god grants life people,god grants life people,1.0
builds temple stone king,king builds stone temple,king builds stone temple,1.0
order divine people follow,people follow divine order,people follow divine order,1.0
from man river drinks,man drinks from river,man drinks from river,1.0000001192092896
hearts god dead judges,god judges dead hearts,god judges dead hearts,1.0
mat stool sits woman,woman sits stool mat,woman sits stool mat,1.0000001192092896
man honor people old,people honor old man,people honor old man,1.0
man sacred words writes,man writes sacred words,man writes sacred words,1.000000238418579
god cycle life renews,god renews life cycle,god renews life cycle,1.000000238418579
sky god lifts above,god lifts sky above,god lifts sky above,1.0000001192092896
heart speak hears man,man hears heart speak,man hears heart speak,1.0
follows town road woman,woman follows road town,woman follows road town,1.000000238418579
people commands king servant,king commands servant people,king commands servant people,1.0000001192092896
by gather riverbank people,people gather by riverbank,people gather by riverbank,0.9999998807907104
mountain shapes god stone,god shapes stone mountain,god shapes stone mountain,0.9999999403953552
fears man storm desert,man fears desert storm,man fears desert storm,1.000000238418579
carries woman lord basket,woman carries basket lord,woman carries basket lord,1.0000001192092896
ka god spirit gives,god gives ka spirit,god gives ka spirit,0.9999999403953552
build shelter reed people,people build reed shelter,people build reed shelter,0.9999999403953552
sickle man cuts plant,man cuts plant sickle,man cuts plant sickle,0.9999999403953552
gate opens god hidden,god opens hidden gate,god opens hidden gate,1.0
people king leads west,king leads people west,king leads people west,0.9999999403953552
horizon sees fire man,man sees fire horizon,man sees fire horizon,1.0000001192092896
offers altar woman bread,woman offers bread altar,woman offers bread altar,1.000000238418579
sky places god star,god places star sky,god places star sky,1.0000001192092896
people tree under rest,people rest under tree,people rest under tree,1.0
binds man rope knot,man binds rope knot,man binds rope knot,1.0000001192092896
renews soul ba god,god renews soul ba,god renews soul ba,1.0
house temple guards king,king guards house temple,king guards house temple,1.0
drink sweet people water,people drink sweet water,people drink sweet water,1.0
field man holds hoe,man holds hoe field,man holds hoe field,1.0000001192092896
commands force god life,god commands life force,god commands life force,1.0000001192092896
upon face walks woman,woman walks face upon,woman walks face upon,1.0
maat divine people honor,people honor divine maat,people honor divine maat,1.0000001192092896
owl man night sees,man sees owl night,man sees owl night,1.0000001192092896
god throne on rests,god rests on throne,god rests on throne,1.0
judges king land people,king judges land people,king judges land people,1.0000001192092896
follow every people lord,people follow lord every,lord follow every people,0.93401700258255
desert climbs man hill,man climbs desert hill,man climbs desert hill,1.0000001192092896
lotus plant woman tends,woman tends lotus plant,woman tends lotus plant,1.0
stability god grants eternal,god grants eternal stability,god grants eternal stability,0.9999999403953552
words sacred people hear,people hear sacred words,people hear sacred words,1.0
man city opens gate,man opens city gate,man opens city gate,1.0000001192092896
sky from watches god,god watches from sky,god watches from sky,1.0000001192092896
king wears sedge crown,king wears sedge crown,king wears sedge crown,1.0000001192092896
winding cross road people,people cross winding road,people cross winding road,1.0
man stone brick shapes,man shapes brick stone,man shapes stone brick,0.9938571453094482
milk pours offering woman,woman pours milk offering,woman pours milk offering,1.0000001192092896
god unites truth heart,god unites heart truth,god unites heart truth,1.000000238418579
from west emerges god underground,god emerges from underground west,god emerges from underground west,0.9999999403953552
listen listens heart man hear,man listens hear listen heart,man listens listen listens heart,0.9800841808319092
gate behind house sits woman,woman sits behind house gate,woman sits behind house gate,1.0000001192092896
people gives offering bread king,king gives bread offering people,king gives bread offering people,1.0000001192092896
town settle riverbank near people,people settle near riverbank town,people settle near riverbank town,1.0000001192092896
god stability raises pillar grandfather,god raises pillar grandfather stability,god raises pillar grandfather stability,1.0000001192092896
jar water man carries ripple,man carries jar water ripple,man carries jar water ripple,1.0000001192092896
woman upon beauty sees face,woman sees beauty face upon,woman sees face upon beauty,0.9888249635696411
sky fire sends god storm,god sends fire storm sky,god sends fire storm sky,1.0
people hill beyond desert travel,people travel beyond desert hill,people travel beyond desert hill,1.0
man wood shapes adze,man shapes wood adze,man shapes wood adze,1.000000238418579
woman life child guards,woman guards child life,woman guards child life,0.9999999403953552
strength power force god grants,god grants power strength force,god grants power strength force,1.0
road walks city king,king walks road city,king walks road city,0.9999999403953552
lake beside people rest,people rest beside lake,people rest beside lake,1.0
hears quail chick man,man hears quail chick,man hears quail chick,1.0000001192092896
writing papyrus opens woman scroll,woman opens papyrus scroll writing,woman opens papyrus scroll writing,1.0000001192092896
god ankh life breathes,god breathes life ankh,god breathes life ankh,1.0
gather before people gate temple,people gather before temple gate,people gather before temple gate,0.9999999403953552
rope cuts tethering man,man cuts rope tethering,man cuts rope tethering,1.0000001192092896
sweet milk woman pours,woman pours sweet milk,woman pours sweet milk,1.0
binds snake chaos god,god binds chaos snake,god binds chaos snake,1.0000001192092896
seated throne sits king,king sits seated throne,king sits seated throne,1.0000001192092896
people honor venerated marrow,people honor venerated marrow,people honor venerated marrow,1.0000001192092896
man watches swallow sky,man watches swallow sky,man watches swallow sky,1.0
grain tends woman pellet,woman tends grain pellet,woman tends grain pellet,1.0
through god sees eye,god sees through eye,god sees through eye,1.0
people live protection under,people live under protection,people live under protection,1.0
man stone pillar lifts,man lifts stone pillar,man lifts stone pillar,1.000000238418579
voice hears mother woman,woman hears mother voice,woman hears mother voice,1.0000001192092896
god order maat commands,god commands order maat,god commands order maat,1.0
rules king authority by,king rules by authority,king rules by authority,1.0
river bridge people cross,people cross bridge river,people cross bridge river,1.0000001192092896
plants man reed leaf,man plants reed leaf,man plants reed leaf,1.0
toward horizon woman walks,woman walks toward horizon,woman walks toward horizon,0.9999999403953552
god time renews cycle,god renews time cycle,god renews time cycle,1.0000001192092896
fear dark people underground,people fear dark underground,people fear dark underground,1.0
from man drinks vessel,man drinks from vessel,man drinks from vessel,1.0000001192092896
peace woman kneels altar,woman kneels peace altar,woman kneels peace altar,1.0
god town protects city,god protects city town,god protects city town,1.000000238418579
beyond god horizon rises eastern,god rises beyond eastern horizon,god rises beyond eastern horizon,1.0
ripple man hears water sound,man hears sound water ripple,man hears sound water ripple,1.0000001192092896
woman walks bank beside river,woman walks beside river bank,woman walks beside river bank,1.0
land king people grants,king grants land people,king grants land people,1.0
near mountain dwell people,people dwell near mountain,people dwell near mountain,1.0000001192092896
hill forms earth god,god forms earth hill,god forms earth hill,0.9999997615814209
snake horned man viper fears,man fears horned viper snake,man fears horned viper snake,1.0
woman placenta holds child,woman holds child placenta,woman holds child placenta,1.0000001192092896
god royal authority bestows,god bestows royal authority,god bestows royal authority,0.9999999403953552
people mat rest stool upon,people rest upon stool mat,people rest upon stool mat,1.0
plows tills man soil,man tills soil plows,man tills soil plows,1.0
opens house secret god,god opens secret house,god opens secret house,1.0
speaks power king words,king speaks words power,king speaks words power,1.0
sees light sky man,man sees light sky,man sees light sky,1.0000001192092896
temple offering woman brings,woman brings offering temple,woman brings offering temple,1.0000001192092896
stars heaven god fixes,god fixes stars heaven,god fixes stars heaven,1.0
settle field fertile people,people settle fertile field,people settle fertile field,1.0000001192092896
man ties twisted flax,man ties twisted flax,man ties twisted flax,1.0000001192092896
strengthens stability god backbone,god strengthens backbone stability,god strengthens backbone stability,1.0
sacred king shrine protects,king protects sacred shrine,king protects sacred shrine,1.0
jar from drink people,people drink from jar,people drink from jar,1.0
grips man forearm strength,man grips forearm strength,man grips forearm strength,1.0000001192092896
grants peace lasting god,god grants lasting peace,god grants lasting peace,0.9999998807907104
gate stands near woman,woman stands near gate,woman stands near gate,1.0
praise truth feather people,people praise feather truth,people praise feather truth,1.0000001192092896
man hears silence desert,man hears desert silence,man hears desert silence,0.9999999403953552
temple inhabits god holy,god inhabits holy temple,god inhabits holy temple,1.0
guard city commands king,king commands city guard,king commands city guard,1.0
path divine follow people,people follow divine path,people follow divine path,1.0000001192092896
walks man toward west,man walks toward west,man walks toward west,0.9999998807907104
papyrus plants woman clump,woman plants papyrus clump,woman plants papyrus clump,1.0000001192092896
god order preserves maat,god preserves order maat,god preserves order maat,1.0000001192092896
decree people listen royal,people listen royal decree,people listen royal decree,1.0
stone heavy lifts man,man lifts heavy stone,man lifts heavy stone,0.9999999403953552
woman water vessel pours,woman pours water vessel,woman pours water vessel,1.0
life renews god mortal,god renews mortal life,god renews mortal life,1.0000001192092896
plain cross people open,people cross open plain,people cross open plain,1.0000001192092896
man signs writing writes,man writes signs writing,man writes signs writing,1.0
woman god kneels before,woman kneels before god,god kneels before woman,0.8685157299041748
guards throne eternal god,god guards eternal throne,god guards eternal throne,1.0
gate opens horizon god,god opens gate horizon,god opens gate horizon,1.0
hears man voice god,man hears voice god,god hears voice man,0.8991360068321228
seated woman sits stool woman,woman sits seated woman stool,woman sits seated woman stool,1.0000001192092896
town city rules king,king rules town city,king rules city town,0.9937654137611389
live people by lake,people live by lake,people live by lake,0.9999999403953552
god gives people life,god gives life people,god gives life people,1.0
woman drinks water ripple,woman drinks water ripple,woman drinks water ripple,1.0
king holds power authority,king holds power authority,king holds power authority,1.0
people cross water river,people cross river water,people cross river water,1.0
god man sees heart,god sees heart man,god sees heart man,0.9999999403953552
hill behind man walks,man walks behind hill,man walks behind hill,0.9999999403953552
carries jar woman milk,woman carries milk jar,woman carries milk jar,1.0
strength strong god grants,god grants strength strong,god grants strength strong,1.0
people fear storm great,people fear great storm,people fear great storm,1.0
grain cuts sickle man,man cuts grain sickle,man cuts grain sickle,1.0000001192092896
lotus woman offering offers,woman offers lotus offering,woman offers lotus offering,1.0000001192092896
protects gate god house,god protects house gate,god protects house gate,1.000000238418579
follow west people road,people follow road west,people follow road west,1.0
man hears owl,man hears owl,man hears owl,1.0
woman face beautiful sees,woman sees beautiful face,woman sees beautiful face,0.9999998807907104
from emerges hill god,god emerges from hill,god emerges from hill,1.000000238418579
king servant commands,king commands servant,king commands servant,1.0000001192092896
people temple gather,people gather temple,people gather temple,0.9999999403953552
papyrus clump man plants,man plants papyrus clump,man plants papyrus clump,1.0
gives peace god satisfied,god gives peace satisfied,god gives peace satisfied,1.0
becomes life scarab renewal cycle,scarab becomes life cycle renewal,scarab becomes life cycle renewal,1.0
soul west travels underground ba,soul ba travels west underground,soul ba travels west underground,1.0
dwells within man spirit ka,ka spirit dwells within man,ka spirit dwells within man,1.0000001192092896
feather heart weighs maat truth,feather maat weighs heart truth,heart weighs feather maat,0.9460209012031555
seated rules god throne eternal,seated god rules eternal throne,seated god rules eternal throne,0.9999999403953552
man wise words old speaks,old man speaks wise words,old man speaks wise words,0.9999999403953552
authority youth father follows,youth follows father authority,father follows youth authority,0.9576075077056885
feeds jar milk mother child,mother feeds child milk jar,mother feeds child milk jar,1.0000001192092896
authority words power mouth speaks,mouth speaks words power authority,mouth speaks words power authority,0.9999999403953552
eye sees face horizon upon,eye sees face upon horizon,eye sees face upon horizon,0.9999999403953552
holds power hand ring,hand holds ring power,hand holds ring power,1.0000001192092896
foot steps riverbank across,foot steps across riverbank,foot steps across riverbank,0.9999999403953552
cries night during owl silent,owl cries during silent night,owl cries during silent night,1.0000001192092896
hill snake desert coils near,snake coils near desert hill,snake coils near desert hill,1.0
mountain star above shines peak,star shines above mountain peak,star shines above mountain peak,0.9999999403953552
power force storm breaks sky,storm breaks sky power force,storm breaks sky power force,1.0000001192092896
fire peace altar offering consumes,fire consumes offering altar peace,fire consumes offering altar peace,1.0000001192092896
stability grants djed pillar lasting,pillar djed grants lasting stability,pillar grants lasting stability djed,0.9484893083572388
lotus plant water rises from,lotus plant rises from water,lotus plant rises from water,1.0
scroll writing holds papyrus sacred,papyrus scroll holds sacred writing,papyrus scroll holds sacred writing,1.0
reed shelter field stands near,reed shelter stands near field,reed shelter stands near field,1.0
carries water ripple life vessel,vessel carries water ripple life,vessel carries water ripple life,1.0000001192092896
town opens city gate toward,gate opens toward city town,gate opens toward city town,0.9999998211860657
west road leads horizon,road leads west horizon,road leads west horizon,1.0
mountain guards sacred temple,mountain guards sacred temple,mountain guards sacred temple,1.0
sky star reflects lake,lake reflects star sky,lake reflects star sky,1.0000001192092896
food jar stores grain pellet,jar stores grain pellet food,jar stores grain pellet food,1.0
sickle field grain ripe cuts,sickle cuts ripe field grain,sickle cuts grain field ripe,0.9906808137893677
till plows field repeatedly earth,plows till earth repeatedly field,plows till earth repeatedly field,1.0
power symbolizes throne seat royal,seat throne symbolizes royal power,seat throne symbolizes royal power,1.0
people life god great gives,great god gives life people,great god gives life people,1.0000001192092896
listen man hear heart god,man hear listen heart god,man hear listen heart god,1.0000001192092896
woman town city road walks,woman walks road city town,woman walks road city town,1.0000001192092896
offering gives god king temple,king gives offering temple god,king gives offering temple god,1.0000001192092896
people near river live bank,people live near river bank,people live near river bank,0.9999999403953552
opens house west god gate,god opens house gate west,god opens house gate west,1.0
bread man of loaf eats,man eats loaf of bread,man eats loaf of bread,1.000000238418579
drinks water woman ripple jar,woman drinks water ripple jar,woman drinks water ripple jar,1.0
holds power force strength king,king holds power strength force,king holds power strength force,1.0000001192092896
people cross hill road desert,people cross road desert hill,people cross road desert hill,1.0
heart god sees man of,god sees heart of man,god sees heart of man,1.0000001192092896
behind man gate walks house,man walks behind house gate,man walks behind house gate,1.0
basket with woman carries handle,woman carries basket with handle,woman carries basket with handle,1.0000001192092896
god grants satisfied peace content,god grants peace content satisfied,god grants peace content satisfied,1.0000001192092896
life honor mother father people,people honor father mother life,people honor father mother life,1.0000001192092896
tills plows man fertile field,man plows tills fertile field,man tills fertile field,0.9124354124069214
woman milk pours jar offering,woman pours milk jar offering,woman pours milk jar offering,1.0000001192092896
god city protects town people,god protects city town people,god protects city town people,1.0000001192092896
king throne seat power sits,king sits seat throne power,king sits seat throne power,1.000000238418579
sees town great city king,great king sees city town,great king sees city town,1.0000001192092896
loves beautiful mother man old,beautiful mother loves old man,beautiful mother loves old man,1.0
makes father house strong brick,strong father makes brick house,strong father makes brick house,1.0000001192092896
gives god heart life good,good god gives life heart,good god gives life heart,1.0000001192092896
becomes sky star power mighty,mighty power becomes star sky,mighty power becomes star sky,1.0000001192092896
scroll makes scribe papyrus great,great scribe makes papyrus scroll,great scribe makes papyrus scroll,1.0000001192092896
man strong plows great field,strong man plows great field,strong man plows great field,1.0000001192092896
every peace heart sweet loves,every heart loves sweet peace,every heart loves sweet peace,1.0000001192092896
servant lord hears good speak,good servant hears lord speak,good servant hears lord speak,1.0
hill mountain great behind river,great river behind mountain hill,great river behind mountain hill,1.0
woman plant loves beautiful lotus,beautiful woman loves lotus plant,beautiful woman loves lotus plant,1.0000001192092896
strong gate makes king great,strong king makes great gate,strong king makes great gate,1.0000001192092896
sees great town god every,every town sees great god,every town sees great god,1.0000001192092896
good bread father loaf makes,good father makes bread loaf,good father makes bread loaf,1.0
mighty great becomes strength power,mighty power becomes great strength,mighty power becomes great strength,1.0
birth gives great god youth,great god gives birth youth,great god gives birth youth,1.0000001192092896
father soul hears heart strong,strong father hears heart soul,strong father hears heart soul,1.0000001192092896
eats jar every man bread,every man eats bread jar,every man eats bread jar,0.9999999403953552
heart good scribe truth hears,good scribe hears truth heart,good scribe hears heart truth,0.9908697605133057
king mighty snake sees cobra,mighty king sees cobra snake,mighty king sees cobra snake,1.0000001192092896
man becomes youth old beautiful,beautiful youth becomes old man,young man becomes beautiful old man,0.8465750813484192
great ripple riverbank upon water,great riverbank upon water ripple,great riverbank upon water ripple,1.0000001192092896
makes strong house brick forearm,strong forearm makes brick house,strong forearm makes brick house,1.0
every peace loves great soul,every soul loves great peace,every soul loves great peace,1.0
good mother life gives youth,good mother gives life youth,good mother gives life youth,1.0000001192092896
sees face god man seated,seated god sees man face,seated god sees man face,1.0
desert horizon above great hill,great horizon above desert hill,great horizon above desert hill,1.0
strong stone brick power becomes,strong power becomes stone brick,strong power becomes stone brick,1.0
every great love king people,every people love great king,every people love great king,1.0
life beautiful makes good heart,good heart makes beautiful life,good heart makes beautiful life,1.000000238418579
woman plant sweet life seated lotus sees,seated woman sees lotus plant sweet life,seated woman sees lotus plant sweet life,1.0
mountain snake desert hill emerge cobra,cobra snake emerge desert hill mountain,cobra snake emerge desert hill,0.9758166670799255
old heart soul man (truth/maat) speak drink / feather (ba) / eat,old man eat / drink / speak heart feather (truth/maat) soul (ba),old man eat / drink / speak heart feather (truth/maat) soul (ba),1.0000001192092896
satisfy / seated / king (give) throne peace stone god loaf conical,seated god / king conical loaf (give) stone throne peace / satisfy,seated god / king conical loaf (give) stone throne peace / satisfy,1.0
town house / plant lotus behind / chick city back quail,quail chick behind / back lotus plant house city / town,quail chick behind / back lotus plant city / town,0.9827167987823486
/ he god king mighty / become great deity cobra /,great / mighty cobra become god / deity he / king,cobra become great / mighty god / deity he / king,0.9783718585968018
to scribe / scroll book / writing make do papyrus youth,writing / scribe to do / make papyrus scroll book youth,writing / scribe to do / make papyrus scroll book youth,0.9999999403953552
(ankh) basket face / animal upon life / belly all) god (lord,basket (lord / all) face / upon animal belly life (ankh) god,basket (lord / all) face / upon animal belly life (ankh) god,1.0000001192092896
upon sky star beautiful good face / horizon / sees,beautiful / good face / upon sees horizon sky star,beautiful / good face / upon sees horizon sky star,1.0000001192092896
city brick strong cut hand / town stone,strong hand cut stone brick city / town,strong hand cut stone brick city / town,1.0000001192092896
(truth/maat) / every feather god / / hear eat lord man speak drink,lord / every god hear man eat / drink / speak feather (truth/maat),lord / every god hear man speak / speak feather (truth/maat) god,0.9239524006843567
emerge (ankh) water life ripple field river,life (ankh) emerge water ripple river field,life (ankh) emerge water ripple river field,1.0000001192092896
altar / peace upon milk / sweet temple jar face,sweet milk jar face / upon peace / altar temple,sweet milk jar face / upon peace / altar temple,1.0000001192092896
gate cobra city town / / back behind great / mighty,great / mighty cobra behind / back gate city / town,great / mighty cobra behind / back gate city / town,1.0000001192092896
great youth big / sees / star sky good beautiful,beautiful / good youth sees great / big star sky,beautiful / good youth sees great / big star sky,1.000000238418579
bread heart loaf youth (give) of conical father loaf,father conical loaf (give) loaf of bread youth heart,father conical loaf (give) loaf of bread youth heart,1.0000001192092896
hear soul / listen mother good beautiful / (ba) heart,mother hear / listen beautiful / good heart soul (ba),mother hear / listen beautiful / good heart soul (ba),1.0
pillar become backbone / (djed) mighty great / grandfather strong stability,strong backbone become great / mighty pillar / grandfather stability (djed),strong backbone become great / mighty pillar / grandfather stability (djed),1.0000001192092896
every plant field become lord riverbank great big / /,lord / every riverbank become great / big field plant,lord / every riverbank become great / big field plant,1.0000001192092896
seated / fire storm make big king do great / to / god,seated god / king to do / make great / big storm fire,seated god / king to do / make great / big storm fire,1.0000001192092896
writing scribe / listen life feather (truth/maat) hear heart (ankh) /,writing / scribe hear / listen feather (truth/maat) heart life (ankh),writing / scribe hear / listen feather (truth/maat) heart life (ankh),1.0
mighty / he loaf great king conical (give) / servant power,he / king conical loaf (give) power great / mighty servant,he / king conical loaf (give) power great / mighty servant,0.9999999403953552
good slope above star mountain hill beautiful /,beautiful / good star above mountain hill slope,beautiful / good star above mountain hill slope,1.0
brick to make town / / stone house man city do,man to do / make house brick stone city / town,man to do / make brick house city / town stone,0.9915077686309814
/ eye great / big horizon every fire sees lord,lord / every eye sees great / big fire horizon,lord / every eye sees great / big fire horizon,1.0000001192092896
of loaf vessel jar / / youth bread speak eat drink,youth eat / drink / speak loaf of bread jar vessel,youth eat / drink / speak loaf of bread jar vessel,1.0
all people (lord) (truth/maat) / hear listen / master (every) feather heart,master (lord) / all (every) hear / listen people heart feather (truth/maat),master (lord) / all (every) hear / listen heart feather (truth/maat),0.9894823431968689
back soul sky (ba) beautiful emerge / / behind horizon good,beautiful / good soul (ba) emerge behind / back sky horizon,beautiful / good soul (ba) emerge behind / back sky horizon,1.0000001192092896
/ become stone great throne / seat mighty beautiful good throne /,great / mighty stone become beautiful / good throne seat / throne,beautiful / mighty stone become great / mighty throne seat / throne,0.9758998155593872
/ city road / big great town club strong cut,strong club cut great / big road city / town,strong club cut great / big road city / town,0.9999999403953552
good beautiful / every lord youth mother father love /,lord / every father love beautiful / good youth mother,every father love beautiful / good youth mother,0.9239142537117004
do good peace / god / beautiful satisfy life make (ankh) / sweet to,beautiful / good god to do / make life (ankh) sweet peace / satisfy,beautiful / good god to do / make life (ankh) sweet peace / satisfy,1.0000001192092896
life beautiful gives good mother / youth (ankh) birth / begets,mother gives birth / begets beautiful / good youth life (ankh),mother gives birth / begets beautiful / good youth life (ankh),0.9999998807907104
writing papyrus hand scroll book sees / scribe,writing / scribe sees book papyrus scroll hand,writing / scribe sees book papyrus scroll hand,1.0000001192092896
behind mighty mountain / hill desert storm great back /,great / mighty storm behind / back desert hill mountain,great / mighty storm behind / back desert hill mountain,1.0
/ town / peace king he to / do every lord / make satisfy,he / king to do / make peace / satisfy lord / every town,he / king to do / make peace / satisfy lord / every town,1.0
great youth (lord) master / / speak eat all / drink listen hear / big / (every),youth hear / listen great / big master (lord) / all (every) eat / drink / speak,youth hear / listen great / big master (lord) / all (every),0.9210747480392456
riverbank face great city / big upon house / town road /,great / big house face / upon riverbank road city / town,great / big house face / upon riverbank road city / town,1.0000001192092896
big grain field / strong man / pellet (tills) great plows,strong man plows (tills) great / big field grain / pellet,strong man plows (tills) great / big field grain / pellet,1.0000001192092896
beautiful / lotus good sweet plant become (ankh) life,beautiful / good lotus plant become sweet life (ankh),lotus plant become beautiful / good life (ankh),0.9503973722457886
star venerated god sees sky / father / deity marrow,venerated / marrow father sees god / deity star sky,venerated / marrow father sees god / deity star sky,1.0000001192092896
back papyrus behind great river lake big / clump /,great / big lake behind / back papyrus clump river,great / big lake behind / back papyrus clump river,1.0000001192092896
desert viper slope hill horned emerge gate,horned viper emerge desert hill slope gate,horned viper emerge desert hill slope gate,1.0000001192092896
/ mighty great fear snake / god king cobra deity he /,cobra snake fear great / mighty god / deity he / king,cobra snake fear great / mighty god / deity,0.97667396068573
woman listen sweet soul heart / seated hear (ba),seated woman hear / listen sweet heart soul (ba),seated woman hear / listen sweet heart soul (ba),1.0
house brick / forearm great / make do strong to big,strong forearm to do / make great / big brick house,forearm strong to do / make brick house,0.9570273160934448
lord servant / big every he / lord great king / love,lord / every servant love great / big he / king lord,lord / every servant love great / big he / king lord,1.0
emerge life face (ankh) / horizon upon sky / great mighty,life (ankh) emerge face / upon great / mighty horizon sky,great / mighty face / upon emerge face / upon life (ankh) sky,0.9038992524147034
great beautiful slope / peace above / / altar good hill big,beautiful / good peace / altar above great / big hill slope,beautiful / good peace / altar above great / big hill slope,1.0
hand beautiful writing scroll to papyrus good / scribe / make / do,writing / scribe to do / make beautiful / good papyrus scroll hand,writing / scribe to do / make beautiful / good papyrus scroll hand,1.0000001192092896
do adze / stone make chisel to,adze chisel to do / make stone,adze chisel to do / make stone,1.0000001192092896
/ town gives birth begets authority strength / force,authority strength / force gives birth / begets town,authority strength / force gives birth / begets town,1.0000001192092896
basket milk jar with handle vessel,basket with handle milk jar vessel,basket with handle milk jar vessel,1.0000001192092896
stability door gate (djed) house bolt,door bolt gate stability (djed) house,door bolt gate stability (djed) house,1.0
he king (king) people sedge / above,sedge (king) he / king above people,sedge (king) above people,0.9514922499656677
swallow (great) hill sky mountain above,swallow (great) sky above mountain hill,swallow (great) sky above mountain hill,0.9999999403953552
head bird eye star sees of,head of bird eye sees star,head of bird eye sees star,1.0000001192092896
head / pellet grain ox of field,head of ox grain / pellet field,head of ox grain / pellet field,1.000000238418579
flax coil twisted riverbank rope of,twisted flax coil of rope riverbank,twisted flax coil of rope riverbank,1.0
/ seated senet stool board mat man,senet board stool / mat seated man,senet board stool / mat seated man,1.0000001192092896
animal gives / placenta birth belly begets,placenta animal belly gives birth / begets,animal belly placenta gives birth / begets,0.9904192090034485
cloth thing folded fox three skins,three fox skins folded cloth thing,three fox skins folded cloth thing,1.0000001192092896
pillar strong / / side backbone grandfather rib,side / rib backbone pillar / grandfather strong,side / rib backbone strong pillar / grandfather,0.9906402826309204
offering grain peace / / altar pellet thousand,thousand grain / pellet offering peace / altar,thousand grain / pellet offering peace / altar,1.0
life field (ankh) plows (tills) sickle,sickle plows (tills) field life (ankh),sickle plows (tills) field life (ankh),1.0000001192092896
road city town plows (repeated) / hoe,hoe plows (repeated) road city / town,hoe plows (repeated) road city / town,1.0
reed lake river shelter clump papyrus,reed shelter papyrus clump lake river,reed shelter lake papyrus clump river,0.9902296662330627
writing leaf scroll papyrus reed scribe /,reed leaf writing / scribe papyrus scroll,reed leaf writing / scribe papyrus scroll,1.0000001192092896
coil rope tethering of gate rope,tethering rope coil of rope gate,coil of rope tethering rope gate,0.990859866142273
rack in jars ring vessel stone,ring stone vessel jars in rack,ring stone vessel jars in rack stone,0.9870560765266418
viper snake horned hill desert fear,horned viper snake fear desert hill,horned viper snake fear desert hill,1.0000001192092896
head bird of owl sees bird,owl head of bird sees bird,owl head of bird sees bird,0.9999999403953552
city town foot town riverbank road /,foot road riverbank town city / town,foot road riverbank town town,0.9555041193962097
thing stroke single (plural marker) stroke,single stroke stroke (plural marker) thing,single stroke stroke (plural marker) thing,0.9999999403953552
(ba) (ankh) (spirit) god ka soul life,ka (spirit) soul (ba) life (ankh) god,ka (spirit) soul (ba) life (ankh) god,1.0
peace satisfy mountain horizon sky / west,west mountain horizon sky peace / satisfy,west mountain horizon sky peace / satisfy,1.0000001192092896
father good mother / marrow venerated / beautiful,venerated / marrow father mother beautiful / good,venerated / marrow father mother beautiful / good,1.0000001192092896
mighty great negation (no/not) fear / god,negation (no/not) fear great / mighty god,negation (no/not) fear great / mighty god,1.0000001192092896
opens is exists (or / road gate found),opens / exists (or is found) gate road,opens / exists (or is found) gate road,1.0000001192092896
great / sky storm mountain fire mighty,storm fire sky great / mighty mountain,storm fire sky great / mighty mountain,1.0000001192092896
horizon water ripple (great) emerge swallow,swallow (great) emerge horizon water ripple,swallow (great) emerge horizon water ripple,1.0000001192092896
life belly / gives birth begets placenta animal,animal belly placenta gives birth / begets life,animal belly placenta gives birth / begets life,1.0
all) / good / (lord beautiful basket thing,basket (lord / all) thing beautiful / good,basket (lord / all) thing beautiful / good,0.9999999403953552
king authority / power / strength force he,strength / force power authority he / king,authority power strength / force he / king,0.9821707010269165
to gate / behind retreat return / back,to return / retreat behind / back gate,to return / retreat behind / back gate,1.000000238418579
upon slope / brick hill face house,face / upon hill slope brick house,face / upon hill slope brick house,1.0000001192092896
plant love / heart lotus beautiful good,heart love beautiful / good lotus plant,heart love beautiful / good lotus plant,0.9999999403953552
bread eat mouth speak jar drink / /,mouth eat / drink / speak bread jar,mouth eat / drink / speak bread jar,1.0
do strong / make forearm to hand,forearm strong hand to do / make,forearm strong hand to do / make,1.0
seat adze great / chisel throne stone,chisel adze stone seat / throne great,chisel adze stone seat / throne great,1.0000001192092896
snake cobra force club strength fear /,club strength / force fear cobra snake,club strength / force fear cobra snake,1.0
water snake ripple emerge lake underground,underground lake water ripple snake emerge,underground lake water ripple snake emerge,1.0000001192092896
man scribe book seated me) / (i,seated man (i / me) scribe book,seated man (i / me) scribe book,1.0000001192092896
seated plant woman love lotus peace,seated woman love lotus plant peace,seated woman love lotus plant peace,1.0
mighty great authority (king) / sedge power,sedge (king) authority great / mighty power,sedge (king) authority great / mighty power,1.0000001192092896
altar peace conical loaf / (give) offering,conical loaf (give) offering peace / altar,conical loaf (give) offering peace / altar,1.0000001192092896
coil rope rope tethering of riverbank,coil of rope tethering rope riverbank,coil of rope tethering rope riverbank,1.0
hill mountain star sky horizon desert,horizon star sky mountain desert hill,horizon star sky mountain desert hill,1.0
soul father old / venerated marrow man,old man venerated / marrow father soul,old man venerated / marrow father soul,1.0000001192092896
head horizon bird of quail chick,quail chick head of bird horizon,quail chick head of bird horizon,1.0
life (ankh) star / scarab become mighty great /,scarab / become life (ankh) great / mighty star,scarab / become great / mighty life (ankh),0.8988046050071716
papyrus river lake ripple water clump,river water ripple lake papyrus clump,lake water ripple papyrus clump river,0.9839199185371399
mountain desert slope hill above sky,sky above mountain desert hill slope,sky above mountain desert hill slope,1.0000001192092896
/ big / seat king great / throne he,he / king seat / throne great / big,great / big he / king seat / throne,0.9629012942314148
house / to do brick servant make,servant to do / make brick house,servant to do / make brick house,1.0
birth gives life mother youth / begets,mother gives birth / begets youth life,mother gives birth / begets youth life,1.0000001192092896
youth heart love / beautiful father good,father heart love beautiful / good youth,father heart love beautiful / good youth,1.0000001192092896
hear / old (truth/maat) feather listen man,old man hear / listen feather (truth/maat),old man hear / listen feather (truth/maat),1.0
/ hand scribe writing scroll scribe papyrus,scribe writing / scribe papyrus scroll hand,writing / scribe papyrus scroll hand scribe,0.9846800565719604
god (ankh) life heart soul deity /,god / deity life (ankh) heart soul,god / deity life (ankh) heart soul,0.9999998807907104
/ god eye / upon deity face sees,eye sees face / upon god / deity,eye sees face / upon god / deity,1.0
/ drink mouth bread loaf speak / eat,mouth eat / drink / speak bread loaf,mouth eat / drink / speak loaf bread,0.9960804581642151
of bread offering / loaf peace altar,loaf of bread offering peace / altar,loaf of bread offering peace / altar,1.0000001192092896
vessel jar satisfy jar milk peace /,vessel jar milk jar peace / satisfy,vessel jar milk jar peace / satisfy,0.9999999403953552
town city / town road town gate,road city / town gate town town,road town gate town town,0.956121027469635
foot back house road / behind brick,foot road behind / back brick house,foot road behind / back brick house,1.0
thing to thing make hand / do,hand to do / make thing thing,hand to do / make thing thing,1.0000001192092896
grain field pellet plant hoe plows /,field plant grain / pellet hoe plows,field plant grain / pellet hoe plows,1.000000238418579
great sickle plows / field mighty (tills),sickle plows (tills) great / mighty field,sickle plows (tills) great / mighty field,1.0
power / (djed) stability grandfather pillar authority,stability (djed) pillar / grandfather power authority,stability (djed) pillar / grandfather power authority,1.0000001192092896
(lord) / authority master (every) force / strength all,authority strength / force master (lord) / all (every),authority strength / force master (lord) / all (every),1.0000001192092896
(ba) god soul (ankh) life (spirit) ka,soul (ba) ka (spirit) life (ankh) god,ka (spirit) soul (ba) life (ankh) god,0.987016499042511
(truth/maat) peace feather content / heart (satisfied),feather (truth/maat) heart peace / content (satisfied),feather (truth/maat) heart peace / content (satisfied),1.0
storm sky fire slope hill mountain,storm fire sky mountain hill slope,storm fire sky mountain hill slope,1.0000001192092896
star emerge (great) sky swallow horizon,swallow (great) emerge horizon sky star,swallow (great) emerge horizon sky star,1.0000001192092896
horizon of quail head bird sky chick,quail chick head of bird horizon sky,quail chick head of bird sky horizon,0.9940330982208252
town sedge (king) town / city people,sedge (king) people city / town town,sedge (king) people city / town town,1.0
basket / great thing / big all) (lord,basket (lord / all) thing great / big,basket (lord / all) thing great / big,1.0
chisel house stone city brick adze,adze chisel stone brick house city,adze chisel brick house city stone,0.9684139490127563
do make strong forearm thing / to,forearm strong to do / make thing,forearm strong to do / make thing,1.0
flax rope coil twisted rope of,twisted flax rope coil of rope,twisted flax rope coil of rope,1.0
tethering rope jars vessel ring stone,tethering rope ring stone vessel jars,tethering rope ring stone vessel jars,1.0
/ thousand deity / god altar offering peace,thousand offering peace / altar god / deity,thousand offering peace / altar god / deity,1.0
force / strength backbone rib / power side,side / rib backbone strength / force power,side / rib backbone strength / force power,1.0
underground emerge water river ripple snake,underground snake emerge water ripple river,underground snake emerge water ripple river,1.0000001192092896
west heart satisfy horizon / peace mountain,west mountain horizon peace / satisfy heart,west mountain horizon peace / satisfy heart,1.0
venerated / marrow old soul (ba) man,venerated / marrow old man soul (ba),old man venerated / marrow soul (ba),0.9770663976669312
/ found) (or is exists opens road town,opens / exists (or is found) road town,opens / exists (or is found) road town,1.0
god deity / (or like as example) /,like / as (or example) god / deity,like / as (or example) god / deity,1.0
placenta belly begets gives birth animal /,animal belly placenta gives birth / begets,animal belly placenta gives birth / begets,1.0000001192092896
clump papyrus lake reed river shelter,reed shelter lake papyrus clump river,reed shelter lake papyrus clump river,1.0000001192092896
/ good life sweet beautiful lotus plant,lotus plant sweet beautiful / good life,beautiful / good lotus plant sweet life,0.9731621146202087
chisel adze stone big throne / / seat great,adze chisel stone seat / throne great / big,chisel adze stone seat / throne great / big,0.986034631729126
venerated heart father (ba) soul / hear marrow,venerated / marrow father hear heart soul (ba),venerated / marrow father hear heart soul (ba),1.0
authority strength / mighty king power force / he / great,authority strength / force power he / king great / mighty,authority strength / force great / mighty he / king power great / mighty,0.9787837862968445
papyrus swallow lake riverbank clump river,lake riverbank papyrus clump river swallow,lake riverbank papyrus clump river swallow,1.0000001192092896
three folded / beautiful thing skins fox cloth good,three fox skins folded cloth thing beautiful / good,three fox skins folded cloth thing beautiful / good,1.0000001192092896
birth belly animal (ankh) youth / gives life begets,animal belly gives birth / begets youth life (ankh),animal belly gives birth / begets youth life (ankh),1.0
mountain star horizon sky above,horizon star sky above mountain,horizon star sky above mountain,0.9999999403953552
peace with / milk handle altar vessel jar basket,basket with handle milk jar vessel peace / altar,basket with handle milk jar vessel peace / altar,1.0000001192092896
city town door house gate (djed) bolt stability /,door bolt gate stability (djed) house city / town,door bolt gate stability (djed) house city / town,0.9999999403953552
mighty / he (king) king great sedge authority / people,sedge (king) he / king great / mighty authority people,sedge (king) authority great / mighty he / king,0.9642778038978577
plows / field pellet (tills) grain strong sickle,sickle plows (tills) grain / pellet field strong,sickle plows (tills) grain / pellet field strong,1.0000001192092896
emerge good beautiful / horizon (great) sky swallow,swallow (great) emerge horizon sky beautiful / good,swallow (great) emerge horizon sky beautiful / good,1.0
viper horned fear desert hill snake slope,horned viper snake fear desert hill slope,horned viper snake fear desert hill slope,0.9999999403953552
seated stool mat peace man / satisfy senet / board,senet board stool / mat seated man peace / satisfy,senet board stool / mat seated man peace / satisfy,1.0000001192092896
/ / offering deity god / mighty great thousand altar peace,thousand offering peace / altar god / deity great / mighty,thousand offering peace / altar god / deity great / mighty,1.0
scribe / writing book hand papyrus scroll scribe,writing / scribe book papyrus scroll hand scribe,writing / scribe book papyrus scroll hand scribe,1.0000001192092896
loaf mouth vessel / jar of bread speak eat drink /,mouth eat / drink / speak loaf of bread jar vessel,mouth eat / drink / speak loaf of bread jar vessel,1.0
/ man marrow become life old venerated (ankh) youth,youth become old man life (ankh) venerated / marrow,youth become old man life (ankh) venerated / marrow,1.0
sweet (ankh) / plant heart beautiful lotus good life,lotus plant sweet beautiful / good life (ankh) heart,lotus plant sweet beautiful / good life (ankh) heart,1.0000001192092896
strong stability (djed) backbone rib side / power,side / rib backbone strong power stability (djed),side / rib backbone strong power stability (djed),1.0
tethering with of coil handle hand rope basket rope,coil of rope tethering rope basket with handle hand,coil of rope tethering rope basket with handle hand,1.0000001192092896
ripple water river underground snake emerge,underground snake river water ripple emerge,underground snake emerge water ripple river,0.9427063465118408
west slope horizon mountain desert hill,west mountain desert hill slope horizon,west mountain desert hill slope horizon,1.0
opens exists city town road gate / (or found) is / town,opens / exists (or is found) gate road town city / town,opens / exists (or is found) gate road city / town town,0.9987716674804688
/ / / to behind return house retreat town gate city back,to return / retreat behind / back gate city / town house,to return / retreat behind / back gate city / town,0.9658191800117493
(ba) / soul mighty / life god ka great (spirit) (ankh) deity,ka (spirit) soul (ba) life (ankh) god / deity great / mighty,ka (spirit) soul (ba) life (ankh) god / deity great / mighty,1.0
of hoe strong head grain / field pellet ox,head of ox grain / pellet field hoe strong,head of ox grain / pellet field hoe strong,1.0000001192092896
sky of bird head eye sees star,head of bird eye sees star sky,head of bird eye sees star sky,1.0
hand leaf / make book scribe / to writing do reed,reed leaf writing / scribe hand to do / make book,reed leaf writing / scribe hand to do / make book,1.0000001192092896
lotus clump river shelter plant lake papyrus reed,reed shelter lake papyrus clump river lotus plant,lake papyrus clump river shelter lake,0.7541261315345764
youth animal gives birth life / belly begets placenta,placenta animal belly gives birth / begets youth life,animal belly placenta gives birth / begets youth life,0.9915915727615356
big city / great town house / town brick,brick house city / town town great / big,great / big brick house city / town town,0.9748564958572388
make / great good hand mighty thing do to / beautiful /,hand to do / make thing beautiful / good great / mighty,hand to do / make thing beautiful / good great / mighty,1.0
to brick make do forearm strong / hand,forearm strong hand to do / make brick,forearm strong hand to do / make brick,1.0
storm fire sky great / fear mighty,storm fire sky great / mighty fear,storm fire sky fear great / mighty,0.9664364457130432
authority / people he hear / king great listen,people hear / listen authority he / king great,people hear / listen authority he / king great,1.0
(upon) on slope house / town hill brick face,face / on (upon) hill slope brick house town,face / on (upon) hill slope brick house town,1.0000001192092896
/ as / example) force power god (or / deity like strength,like / as (or example) god / deity power strength / force,like / as (or example) god / deity power strength / force,1.0000001192092896
(satisfied) heart loaf content peace bread loaf of / (give) conical,conical loaf (give) loaf of bread heart peace / content (satisfied),conical loaf (give) loaf of bread heart peace / content (satisfied),0.9999999403953552
jar peace jar altar vessel / milk jars rack in,jar vessel jars in rack milk jar peace / altar,vessel jars in rack milk jar peace / altar,0.9902337193489075
great jars vessel stone rack in ring,ring stone vessel jars in rack great,great ring stone vessel jars in rack stone,0.9750138521194458
great stroke marker) thing (plural stroke single / big,single stroke stroke (plural marker) thing great / big,single stroke stroke (plural marker) thing great / big,1.0000001192092896
(ankh) upon beautiful (ba) face life / god / good soul,beautiful / good face / upon soul (ba) life (ankh) god,beautiful / good face / upon soul (ba) life (ankh) god,1.0000001192092896
king listen authority (lord) servant (every) all hear master / /,master (lord) / all (every) servant hear / listen authority king,master (lord) / all (every) servant hear / listen authority king,1.0000001192092896
/ strong power force authority strength great / mighty,authority power great / mighty strength / force strong,authority power great / mighty strength / force strong,0.9999999403953552
mother begets / youth life gives father birth,father mother gives birth / begets youth life,father mother gives birth / begets youth life,1.0
soul (ba) heart (satisfied) / peace life content (ankh) god,heart peace / content (satisfied) soul (ba) life (ankh) god,god / soul (ba) heart peace / content life (ankh),0.9569146633148193
sky desert mountain hill horizon above,horizon above desert hill mountain sky,horizon sky above mountain desert hill,0.9833019971847534
stability (djed) / grandfather town pillar great house / city,stability (djed) pillar / grandfather house city / town great,stability (djed) pillar / grandfather house city / town great,0.9999999403953552
stool chisel to adze / do mat make stone /,adze chisel to do / make stool / mat stone,adze chisel to do / make stool / mat stone,1.0
with in vessel basket jar milk handle jars rack,basket with handle jars in rack milk jar vessel,basket with handle jars in rack milk jar vessel,1.0
pillar / bolt house (djed) stability grandfather door gate,door bolt gate house stability (djed) pillar / grandfather,door bolt gate house stability (djed) pillar / grandfather,1.0000001192092896
sedge / (king) (every) authority / (lord) all master town king he,sedge (king) authority he / king master (lord) / all (every) town,sedge (king) authority he / king master (lord) / all (every) town,1.0
quail of (great) bird chick horizon swallow head sky,quail chick head of bird swallow (great) sky horizon,quail chick head of bird swallow (great) sky horizon,1.0
servant fox folded beautiful thing / cloth three good skins,three fox skins folded cloth thing beautiful / good servant,three fox skins folded cloth thing beautiful / good servant,1.0000001192092896
birth gives placenta begets belly / side youth / animal rib,side / rib animal belly placenta gives birth / begets youth,side / rib animal belly placenta gives birth / begets youth,1.0000001192092896
grain / peace pellet offering / thousand heart altar,thousand grain / pellet offering peace / altar heart,thousand grain / pellet offering peace / altar heart,0.9999999403953552
plows water ripple field sickle (tills) road river,sickle plows (tills) field river water ripple road,sickle plows (tills) field river water ripple road,0.9999999403953552
hoe road (repeated) hill desert slope mountain plows,hoe plows (repeated) road mountain desert hill slope,hoe plows (repeated) road mountain desert hill slope,1.0
lake (great) shelter swallow reed clump papyrus riverbank,reed shelter papyrus clump lake riverbank swallow (great),reed shelter lake riverbank papyrus clump swallow (great),0.984929621219635
scroll leaf book scribe reed papyrus writing hand /,reed leaf writing / scribe papyrus scroll book hand,reed leaf writing / scribe papyrus scroll book hand,1.0000001192092896
coil of rope rope all) basket tethering / hand (lord,tethering rope coil of rope basket (lord / all) hand,tethering rope coil of rope basket (lord / all) hand,1.0000001192092896
stone jar stone ring jars vessel in rack,ring stone vessel jar jars in rack stone,ring stone vessel jar jars in rack stone,0.9999999403953552
viper hill (to desert slope horned snake hare be) desert,horned viper snake desert hill slope desert hare (to be),horned viper snake desert hill slope desert hare (to be),1.0000001192092896
good / beautiful bird woman sees head owl seated of,owl head of bird sees seated woman beautiful / good,owl head of bird sees seated woman beautiful / good,1.0
foot town riverbank city gate road / town,foot road town city / town gate riverbank,foot road riverbank town gate,0.9193616509437561
town city (plural single / thing marker) stroke stroke people,single stroke stroke (plural marker) thing people city / town,single stroke stroke (plural marker) thing people city / town,0.9999999403953552
soul ka / deity god (ankh) heart life (spirit) (ba),ka (spirit) soul (ba) heart life (ankh) god / deity,ka (spirit) soul (ba) heart life (ankh) god,0.9848792552947998
above mountain west star sky horizon above,west mountain horizon sky star above above,west mountain horizon sky star above above,1.0
marrow / venerated father mother heart / life peace satisfy,venerated / marrow father mother heart peace / satisfy life,venerated / marrow father mother heart peace / satisfy life,1.0000001192092896
negation / deity god strength mighty force fear / / (no/not) great,negation (no/not) fear great / mighty god / deity strength / force,negation (no/not) fear great / mighty god / deity strength / force,0.9999998211860657
riverbank found) road is gate (or exists opens field /,opens / exists (or is found) gate road riverbank field,opens / exists (or is found) gate road riverbank field,1.0000001192092896
horizon slope sky hill mountain fire storm,storm fire sky mountain hill slope horizon,storm fire sky mountain hill slope horizon,1.0
horizon beautiful good / life sky emerge (ankh) swallow (great),swallow (great) emerge horizon sky beautiful / good life (ankh),swallow (great) emerge horizon sky beautiful / good life (ankh),1.0000001192092896
gives / placenta belly (ankh) animal youth life begets birth,animal belly placenta gives birth / begets youth life (ankh),animal belly placenta gives birth / begets youth life (ankh),1.0000001192092896
(lord thing basket all) beautiful (ankh) good life / / god,basket (lord / all) thing beautiful / good life (ankh) god,basket (lord / all) thing beautiful / good life (ankh) god,1.0000001192092896
strong / he king grandfather strength power pillar / authority / force,strength / force power authority he / king strong pillar / grandfather,strength / force power authority he / king strong,0.8362976908683777
town behind / back / return to gate retreat road,to return / retreat behind / back gate town road,to return / retreat behind / back gate town road,1.0000001192092896
face on / / hill brick (upon) town house slope brick city,face / on (upon) hill slope brick house brick city / town,face / on (upon) hill slope brick house brick city / town,1.0000001192092896
heart plant peace good beautiful satisfy love lotus sweet / /,heart love beautiful / good lotus plant sweet peace / satisfy,heart love beautiful / good lotus plant sweet peace / satisfy,1.0000001192092896
eat / mouth loaf bread / vessel speak drink jar,mouth eat / drink / speak bread loaf vessel jar,mouth eat / drink / speak loaf bread jar vessel,0.9858271479606628
strong make stone to forearm do / hand brick,forearm strong hand to do / make stone brick,forearm strong hand to do / make stone brick,1.0
chisel big stone mighty throne seat great adze / /,chisel adze stone seat / throne great / big mighty,chisel adze stone seat / throne great / big,0.9629807472229004
snake club fear snake strength cobra / force,club strength / force fear cobra snake snake,club strength / force fear cobra snake,0.9939520955085754
underground lake water emerge desert snake ripple,underground lake water ripple snake emerge desert,underground lake water ripple snake emerge desert,1.0000001192092896
/ writing me) scribe (i / hand man book seated scribe,seated man (i / me) book writing / scribe hand scribe,seated man (i / me) scribe book writing / scribe hand scribe,0.9926648139953613
love woman satisfy plant seated lotus life peace / (ankh),seated woman love lotus plant peace / satisfy life (ankh),seated woman love lotus plant peace / satisfy life (ankh),1.0
(king) sedge mighty / power authority he king king / great,sedge (king) authority great / mighty power he / king king,sedge (king) authority great / mighty power he / king,0.9951971173286438
deity (give) altar / (ankh) life offering peace loaf god conical /,conical loaf (give) offering peace / altar god / deity life (ankh),conical loaf (give) offering peace / altar life (ankh) god / deity,0.9896879196166992
coil rope ripple tethering rope of lake water riverbank,coil of rope tethering rope riverbank lake water ripple,coil of rope tethering rope riverbank lake water ripple,1.0000001192092896
desert star hill sky hill mountain horizon,horizon star sky mountain desert hill hill,horizon star sky mountain desert hill,0.9931217432022095
/ marrow father soul heart venerated (ba) man old,old man venerated / marrow father heart soul (ba),old man venerated / marrow father heart soul (ba),1.0000001192092896
sky quail horizon of star chick bird head,quail chick head of bird horizon sky star,quail chick head of bird horizon sky star,1.0
stroke single papyrus / writing scribe scroll book hand,papyrus scroll book writing / scribe hand single stroke,writing / scribe book papyrus scroll hand single stroke,0.992818295955658
/ (tills) pellet grain plows field hoe field,grain / pellet field hoe plows (tills) field,field grain / pellet hoe plows (tills) field,0.9947532415390015
house pillar town / city stability town (djed) grandfather /,stability (djed) pillar / grandfather house city / town town,stability (djed) pillar / grandfather house city / town town,1.0000001192092896
heart mother (ankh) soul youth father (ba) life,father mother youth life (ankh) heart soul (ba),father mother youth life (ankh) heart soul (ba),0.9999999403953552
above sky mountain slope field desert hill,sky above mountain desert hill slope field,sky above mountain desert hill slope field,1.0000001192092896
adze town / chisel brick stone cut city,adze chisel cut stone brick city / town,adze chisel cut stone brick city / town,1.0
mat / seated woman (ankh) senet life stool board,senet board stool / mat seated woman life (ankh),senet board stool / mat seated woman life (ankh),1.0000001192092896
/ venerated satisfy peace / heart mother (ba) marrow soul,venerated / marrow mother heart soul (ba) peace / satisfy,venerated / marrow mother heart soul (ba) peace / satisfy,1.0
heart god lotus deity life plant (ankh) sweet /,lotus plant sweet life (ankh) heart god / deity,lotus plant sweet life (ankh) heart god / deity,1.000000238418579
head horizon chick quail bird of star sky,quail chick head of bird sky star horizon,quail chick head of bird horizon sky star,0.9899439215660095
three fox all thing / (every) cloth master folded skins (lord),three fox skins folded cloth thing master (lord) / all (every),three fox skins folded cloth thing master (lord) / all (every),1.0
/ / gives belly youth birth animal placenta good beautiful begets,animal belly placenta gives birth / begets beautiful / good youth,animal belly placenta gives birth / begets beautiful / good youth,1.0000001192092896
/ thousand peace god deity soul offering (ba) / altar,thousand offering peace / altar god / deity soul (ba),thousand offering peace / altar god / deity soul (ba),1.0000001192092896
field ripple / sickle (tills) water pellet grain plows,sickle plows (tills) field grain / pellet water ripple,sickle plows (tills) field grain / pellet water ripple,1.0000001192092896
town city / (repeated) plows hoe house road brick,hoe plows (repeated) road city / town house brick,hoe plows (repeated) road city / town brick,0.9793355464935303
shelter (great) sky swallow papyrus reed lake clump,reed shelter lake papyrus clump swallow (great) sky,reed shelter lake papyrus clump swallow (great) sky,0.9999999403953552
/ writing reed scribe hand scribe leaf scroll papyrus,reed leaf writing / scribe papyrus scroll hand scribe,reed leaf writing / scribe papyrus scroll hand scribe,1.0
tethering vessel of coil rope with handle rope basket,tethering rope coil of rope basket with handle vessel,tethering rope coil of rope basket with handle vessel,1.0
rack stone jars ring stone vessel throne in,ring stone vessel jars in rack stone throne,ring stone vessel jars in rack stone throne,1.0000001192092896
fear mountain hill desert viper hill snake horned,horned viper snake fear desert hill mountain hill,horned viper snake fear desert hill mountain,0.9858025908470154
of heart owl sees bird head man seated,owl head of bird sees seated man heart,owl head of bird sees seated man heart,1.0
road town foot riverbank ripple gate water,foot road town gate riverbank water ripple,foot road town gate riverbank water ripple,1.0000001192092896
force single stroke strength (plural stroke thing marker) / people,single stroke stroke (plural marker) thing people strength / force,single stroke stroke (plural marker) thing people strength / force,1.0
soul satisfy / (ba) life ka heart (ankh) peace (spirit),ka (spirit) soul (ba) life (ankh) heart peace / satisfy,ka (spirit) soul (ba) heart peace / satisfy life (ankh) soul (ba) heart,0.982309877872467
west star above horizon sky mountain hill,west mountain horizon sky star above hill,west mountain horizon sky star above hill,1.0000001192092896
good / father mother venerated / life (ankh) marrow beautiful youth,venerated / marrow father mother youth life (ankh) beautiful / good,venerated / marrow father mother youth life (ankh) beautiful / good,0.9999999403953552
fire great god / / deity storm mighty fear (no/not) negation,negation (no/not) fear storm fire great / mighty god / deity,negation (no/not) fear storm fire great / mighty god / deity,1.0000001192092896
city (or road opens gate / found) / town exists is town,opens / exists (or is found) gate road city / town town,opens / exists (or is found) gate road city / town town,1.0
sky above star (great) emerge horizon swallow,swallow (great) emerge horizon sky star above,swallow (great) emerge horizon sky star above,1.0000001192092896
king power authority / force / strength he sedge (king),sedge (king) authority he / king power strength / force,sedge (king) authority power strength / force,0.9701947569847107
thing / (ankh) life good all) / (lord beautiful heart basket,basket (lord / all) thing beautiful / good life (ankh) heart,basket (lord / all) thing beautiful / good life (ankh) heart,1.0
behind gate to retreat house town / / city / return back,to return / retreat behind / back gate house city / town,to return / retreat behind / back gate city / town,0.9726943373680115
on house brick (upon) stone slope hill face /,face / on (upon) hill slope brick house stone,face / on (upon) hill slope brick house stone,1.0000001192092896
speak milk drink / mouth eat bread of loaf / jar,mouth eat / drink / speak loaf of bread milk jar,mouth eat / drink / speak loaf of bread milk jar,1.0
do forearm to thing great strong hand mighty / make /,forearm strong hand to do / make thing great / mighty,forearm strong hand to do / make thing great / mighty,1.0000001192092896
adze town town stone chisel city / house brick,chisel adze stone brick house city / town town,adze chisel stone brick house city / town town,0.9888155460357666
/ hill desert force strength club cobra fear snake,club strength / force fear cobra snake desert hill,club strength / force fear cobra snake desert hill,1.0000001192092896
horizon emerge water underground snake ripple lake,underground lake water ripple snake emerge horizon,underground lake water ripple snake emerge horizon,1.0
(i seated book papyrus me) / man scroll scribe,seated man (i / me) scribe book papyrus scroll,seated man (i / me) scribe book papyrus scroll,1.0
love lotus satisfy sweet peace plant seated woman /,seated woman love lotus plant sweet peace / satisfy,seated woman love lotus plant sweet peace / satisfy,0.9999999403953552
/ authority (king) / great he king power mighty sedge,sedge (king) he / king authority power great / mighty,sedge (king) authority great / mighty power he / king,0.9907112717628479
deity offering peace / altar conical life (give) god (ankh) / loaf,conical loaf (give) offering peace / altar life (ankh) god / deity,conical loaf (give) offering peace / altar life (ankh) god / deity,1.0000001192092896
city of road town coil rope tethering riverbank / rope,coil of rope tethering rope riverbank road city / town,coil of rope tethering rope riverbank road city / town,1.0000001192092896
man marrow venerated father soul (ba) ka (spirit) old /,old man venerated / marrow father soul (ba) ka (spirit),old man venerated / marrow father soul (ba) ka (spirit),1.0000001192092896
field plant field plows / (tills) grain pellet hoe,grain / pellet field hoe plows (tills) field plant,grain / pellet field hoe plows (tills) field plant,1.0
great mighty / stability city (djed) / pillar grandfather / town house,stability (djed) pillar / grandfather house city / town great / mighty,stability (djed) pillar / grandfather house city / town great,0.978663980960846
birth heart life father (ankh) begets gives mother / youth,father mother gives birth / begets youth life (ankh) heart,father mother gives birth / begets youth life (ankh) heart,1.0000001192092896
above horizon slope desert sky mountain hill,sky above mountain desert hill slope horizon,horizon sky above mountain desert hill slope horizon,0.981711745262146
book hand / to writing make do / papyrus scribe scroll,writing / scribe book papyrus scroll hand to do / make,writing / scribe to do / make papyrus scroll book hand,0.9801952838897705
fire sky mountain mighty storm hill / slope great,great / mighty storm fire sky mountain hill slope,great / mighty storm fire sky mountain hill slope,1.0000001192092896
(ba) (ankh) / / deity god / upon face soul life beautiful good,beautiful / good face / upon soul (ba) life (ankh) god / deity,beautiful / good face / upon soul (ba) life (ankh) god,0.9892690777778625
/ king servant / authority (every) hear all / master he listen (lord),master (lord) / all (every) servant hear / listen authority he / king,master (lord) / all (every) servant hear / listen authority he / king,1.0
grandfather / pillar strength authority / stability power strong (djed) force,authority power strength / force strong pillar / grandfather stability (djed),strength / force power authority strong pillar / grandfather stability (djed),0.9900825619697571
horizon hill above star mountain sky desert,horizon star sky above desert hill mountain,horizon star sky above desert hill,0.9862226247787476
head above quail sky chick bird horizon of star,quail chick head of bird horizon sky star above,quail chick head of bird horizon sky star above,1.0
/ town house brick city stone adze,adze stone brick house city / town,adze stone brick house city / town,1.0
power / (every) master (lord) servant authority all,authority power master (lord) / all (every) servant,master (lord) / all (every) servant power authority,0.9829683303833008
thing good beautiful / (lord basket (ankh) / all) life,basket (lord / all) thing beautiful / good life (ankh),basket (lord / all) thing beautiful / good life (ankh),1.0
peace conical loaf (give) satisfy heart / bread,conical loaf (give) bread heart peace / satisfy,conical loaf (give) loaf (give) heart peace / satisfy,0.9692831039428711
/ town gate door house town city bolt,door bolt gate house city / town town,door bolt gate house city / town town,1.0000001192092896
eye star sky horizon sees sky,eye sees star sky horizon sky,eye sees horizon sky star,0.9793321490287781
father beautiful love / heart youth good,father love youth heart beautiful / good,father love youth heart beautiful / good,0.9999999403953552
pellet plows / field (tills) field grain hoe,field grain / pellet hoe plows (tills) field,grain / pellet field hoe plows (tills) field,0.9947533011436462
stone brick make / do strong forearm to,forearm strong to do / make stone brick,forearm strong to do / make stone brick,0.9999998807907104
god (spirit) heart deity ka (ankh) (ba) soul life /,god / deity ka (spirit) soul (ba) heart life (ankh),ka (spirit) soul (ba) heart life (ankh) god,0.9795429110527039
make thing / stone do throne hand to,hand to do / make thing stone throne,hand to do / make thing stone throne,1.0
owl snake sees bird emerge head of,head of bird owl sees snake emerge,head of bird owl sees snake emerge,1.0
strength / power / authority sedge he king force (king),he / king sedge (king) authority power strength / force,sedge (king) authority power strength / force,0.9675493240356445
/ fear / great god mighty horned deity snake viper,horned viper snake fear great / mighty god / deity,horned viper snake fear great / mighty god / deity,1.0000001192092896
vessel jar offering milk jar / altar peace,jar vessel milk jar offering peace / altar,vessel jar milk jar offering peace / altar,0.996775209903717
ripple clump shelter reed papyrus water lake,lake water ripple papyrus clump reed shelter,lake water ripple papyrus clump reed shelter,1.0
(ankh) soul sweet heart (ba) life lotus plant,lotus plant sweet life (ankh) soul (ba) heart,lotus plant sweet life (ankh) soul (ba) heart,1.0
gives good / father youth begets birth mother / beautiful,mother father gives birth / begets beautiful / good youth,father mother gives birth / begets beautiful / good youth,0.996284008026123
jar speak bread mouth eat drink vessel / /,mouth eat / drink / speak bread jar vessel,mouth eat / drink / speak bread jar vessel,1.0000001192092896
venerated man heart old peace satisfy / / marrow,old man venerated / marrow heart peace / satisfy,old man venerated / marrow heart peace / satisfy,1.0000001192092896
road / city opens / is found) (or town exists gate,opens / exists (or is found) gate road city / town,opens / exists (or is found) gate road city / town,1.0000001192092896
papyrus scribe scroll hand book writing / scribe,papyrus scroll book writing / scribe hand scribe,writing / scribe book papyrus scroll hand scribe,0.9924015998840332
/ listen he king hear authority king people /,people hear / listen authority he / king king,he / king hear / listen authority he / king people,0.9520131349563599
stability grandfather pillar authority / (djed) / strength power force,pillar / grandfather stability (djed) strength / force power authority,strength / force power authority pillar / grandfather stability (djed),0.9801899790763855
sky mountain (great) quail swallow chick above,quail chick swallow (great) sky above mountain,quail chick swallow (great) sky above mountain,1.0
reed shelter reed lake ripple leaf water river,reed leaf reed shelter lake river water ripple,reed leaf reed shelter lake water ripple river,0.9734622836112976
jars stone in ring vessel rack stone,ring stone vessel jars in rack stone,ring stone vessel jars in rack stone,1.0000001192092896
(truth/maat) hear scribe (ba) feather soul heart listen /,scribe hear / listen feather (truth/maat) heart soul (ba),scribe hear / listen feather (truth/maat) heart soul (ba),1.0000001192092896
love lotus sweet plant woman life (ankh) seated,seated woman love lotus plant sweet life (ankh),seated woman love lotus plant sweet life (ankh),0.9999999403953552
man house / seated board mat stool senet,senet board stool / mat seated man house,senet board stool / mat seated man house,1.0
(tills) field plant grain plows pellet sickle /,sickle plows (tills) field grain / pellet plant,sickle plows (tills) field grain / pellet plant,1.000000238418579
backbone / grandfather pillar rib side strong (djed) stability /,side / rib backbone strong stability (djed) pillar / grandfather,side / rib backbone strong stability (djed) pillar / grandfather,1.000000238418579
sky hill star mountain above desert horizon,sky horizon star above mountain desert hill,horizon star sky above desert hill mountain,0.9661687612533569
ripple hill snake desert slope water emerge,snake emerge desert hill slope water ripple,snake emerge desert hill slope water ripple,1.0000001192092896
(spirit) emerge soul (ba) star horizon ka sky,soul (ba) ka (spirit) emerge horizon sky star,soul (ba) emerge horizon sky star,0.936610758304596
/ / house town pillar grandfather (djed) stability city stone,stability (djed) pillar / grandfather house city / town stone,stability (djed) pillar / grandfather house city / town stone,1.0000001192092896
fear mighty great / fire storm deity / sky god,storm fire sky fear great / mighty god / deity,storm fire sky fear great / mighty god / deity,1.0
/ authority king people force strength power he /,strength / force power authority he / king people,strength / force power authority he / king people,1.0
/ coil do of to tethering make rope rope hand,tethering rope coil of rope hand to do / make,hand to do tethering rope coil of rope,0.9705049991607666
thousand offering altar jar bread milk / peace,thousand offering peace / altar bread milk jar,thousand offering peace / altar bread milk jar,1.0000001192092896
/ to retreat / town behind back gate return,to return / retreat behind / back gate town,to return / retreat behind / back gate town,1.0
lake ripple emerge snake desert hill water underground,underground lake water ripple snake emerge desert hill,underground lake water ripple snake emerge desert hill,1.0
mother (ankh) marrow venerated life father / youth,venerated / marrow father mother youth life (ankh),venerated / marrow father mother youth life (ankh),1.0
peace milk / satisfy jar deity jar vessel god /,vessel jar milk jar peace / satisfy god / deity,vessel jar milk jar peace / satisfy god / deity,1.0
west peace satisfy sky / heart horizon mountain,west mountain horizon sky peace / satisfy heart,west mountain horizon sky peace / satisfy heart,1.0000001192092896
single hand scribe papyrus book writing / stroke scroll,writing / scribe papyrus scroll book hand single stroke,writing / scribe papyrus scroll book single stroke hand,0.9844745397567749
venerated marrow become / man life (ankh) youth old,youth become old man venerated / marrow life (ankh),youth become old man life (ankh) venerated / marrow,0.9886600375175476
